Handle,Data center,Date,Chip type,Number of Units,Chip type source,Number of Units source,Owner,User,Notes,Created By,Created,Last Modified By,Last Modified
A100 at Microsoft Project Osmium on 2021-01-01T00:00:00.000Z,Microsoft Project Osmium,2021-01-01,A100,25000,Estimate,Estimate,Microsoft #confident,OpenAI #speculative,"[Semianalysis](https://newsletter.semianalysis.com/p/microsofts-ai-strategy-deconstructed) believes ""~25k A100 chips"" are in Building 1, taking 2/5 data halls in the building. ",Epoch AI,2026-05-03T00:19:42.000Z,Epoch AI,2026-05-16 10:34:03+00:00
A100 at Microsoft Goodyear on 2021-06-16T00:00:00.000Z,Microsoft Goodyear,2021-06-16,A100,20000,Estimate,Estimate,Microsoft #confident,Microsoft #confident,"A100 assumed from operational date (Q2 2021). Count capped at 20,000 based on estimated global A100 supply at the time.",Epoch AI,2026-04-02T19:44:27.000Z,Epoch AI,2026-05-16 10:29:35+00:00
TPU v4 at Google Papillion on 2023-01-23T00:00:00.000Z,Google Papillion,2023-01-23,TPU v4,194429,Estimate,Estimate,Google Cloud #confident,Google #likely,"Building 1 (Q1 FY23 mix). Chip type and quantity derived from Timeline power, TPU_Production shares, and Parameters TDP.",Epoch AI,2026-05-18T17:05:24.000Z,Epoch AI,2026-05-18 18:44:20+00:00
TPU v5e at Google Papillion on 2023-01-23T00:00:00.000Z,Google Papillion,2023-01-23,TPU v5e,35553,Estimate,Estimate,Google Cloud #confident,Google #likely,"Building 1 (Q1 FY23 mix). Chip type and quantity derived from Timeline power, TPU_Production shares, and Parameters TDP.",Epoch AI,2026-05-18T18:44:20.000Z,Epoch AI,2026-05-18 18:44:20+00:00
H100 at Microsoft Goodyear on 2023-04-24T00:00:00.000Z,Microsoft Goodyear,2023-04-24,H100,29151,Estimate,Estimate,Microsoft #confident,Microsoft #confident,H100 assumed from operational date (Q2 2023). Count = IT capacity / H100 HGX server power × 8 chips per server.,Epoch AI,2026-04-02T19:44:28.000Z,Epoch AI,2026-05-16 10:29:36+00:00
H100 at Microsoft Project Osmium on 2023-06-30T00:00:00.000Z,Microsoft Project Osmium,2023-06-30,H100,32680,Estimate,Estimate,Microsoft #confident,OpenAI #speculative,Type estimated based on chip sales data. # of units estimated based on power for Building 2.,Epoch AI,2026-05-04T23:34:07.000Z,Epoch AI,2026-06-18 05:42:54+00:00
TPU v5e at Google Storey County on 2023-08-30T00:00:00.000Z,Google Storey County,2023-08-30,TPU v5e,205463,Estimate,Estimate,Google #confident,Google DeepMind #likely,"Building 1 expansion (Q4 FY23 mix: v5e only), assuming it was fully retrofitted with TPUv5e.",Epoch AI,2026-05-01T19:31:24.000Z,Epoch AI,2026-06-18 05:41:51+00:00
TPU v5e at Google Lancaster on 2024-01-01T00:00:00.000Z,Google Lancaster,2024-01-01,TPU v5e,157105,Estimate,Estimate,Google #confident,Google DeepMind #likely,"Building 1 (Q1 FY24 mix). Chip type and quantity derived from Timeline power, TPU_Production shares, and Parameters TDP.",Epoch AI,2026-06-05T22:29:33.000Z,Epoch AI,2026-06-05 22:29:33+00:00
TPU v5p at Google Lancaster on 2024-01-01T00:00:00.000Z,Google Lancaster,2024-01-01,TPU v5p,7273,Estimate,Estimate,Google #confident,Google DeepMind #likely,"Building 1 (Q1 FY24 mix). Chip type and quantity derived from Timeline power, TPU_Production shares, and Parameters TDP.",Epoch AI,2026-06-05T22:29:34.000Z,Epoch AI,2026-06-05 22:29:34+00:00
H100 at CoreWeave Chester VA on 2024-01-31T00:00:00.000Z,CoreWeave Chester VA,2024-01-31,H100,14800,Estimate,Estimate,CoreWeave #confident,,"Partial CTP-01 estimate using 18 MW of IT power. H100 is my best guess for this 2024 capacity, but I did not find a Chester-specific chip disclosure.",Epoch AI,2026-06-09T19:59:04.000Z,Epoch AI,2026-06-09 19:59:04+00:00
TPU v5e at Google Columbus on 2024-04-01T00:00:00.000Z,Google Columbus,2024-04-01,TPU v5e,99419,Estimate,Estimate,Google #confident,Google DeepMind #likely,"Building 1 (Q2 FY24 mix). Chip type and quantity derived from Timeline power, TPU_Production shares, and Parameters TDP.",Epoch AI,2026-05-07T01:39:10.000Z,Epoch AI,2026-05-16 10:31:50+00:00
TPU v5p at Google Columbus on 2024-04-01T00:00:00.000Z,Google Columbus,2024-04-01,TPU v5p,27617,Estimate,Estimate,Google #confident,Google DeepMind #likely,"Building 1 (Q2 FY24 mix). Chip type and quantity derived from Timeline power, TPU_Production shares, and Parameters TDP.",Epoch AI,2026-05-07T01:39:10.000Z,Epoch AI,2026-05-16 10:31:50+00:00
TPU v5e at Google Omaha on 2024-04-08T00:00:00.000Z,Google Omaha,2024-04-08,TPU v5e,120879,Estimate,Estimate,Google #confident,Google DeepMind #likely,"Building 1 (Q2 FY24 mix). Chip type and quantity derived from Timeline power, TPU_Production shares, and Parameters TDP.",Epoch AI,2026-03-12T20:26:30.000Z,Epoch AI,2026-05-16 10:30:41+00:00
TPU v5p at Google Omaha on 2024-04-08T00:00:00.000Z,Google Omaha,2024-04-08,TPU v5p,33578,Estimate,Estimate,Google #confident,Google DeepMind #likely,"Building 1 (Q2 FY24 mix). Chip type and quantity derived from Timeline power, TPU_Production shares, and Parameters TDP.",Epoch AI,2026-03-12T20:26:31.000Z,Epoch AI,2026-05-16 10:30:42+00:00
TPU v5p at  on 2024-04-08T00:00:00.000Z,,2024-04-08,TPU v5p,33578,Estimate,Estimate,Google #confident,Google DeepMind #likely,"Building 1 (Q2 FY24 mix). Chip type and quantity derived from Timeline power, TPU_Production shares, and Parameters TDP.",Epoch AI,2026-06-08T21:30:15.000Z,Ben Cottier,2026-06-12 16:00:48+00:00
TPU v5e at  on 2024-04-08T00:00:00.000Z,,2024-04-08,TPU v5e,120879,Estimate,Estimate,Google #confident,Google DeepMind #likely,"Building 1 (Q2 FY24 mix). Chip type and quantity derived from Timeline power, TPU_Production shares, and Parameters TDP.",Epoch AI,2026-06-08T21:30:15.000Z,Ben Cottier,2026-06-12 16:00:48+00:00
TPU v5e at Google New Albany on 2024-04-20T00:00:00.000Z,Google New Albany,2024-04-20,TPU v5e,103956,Estimate,Estimate,Google #confident,Google DeepMind #likely,"Building 1 (Q2 FY24 production mix). Chip type and quantity derived from Timeline power, TPU_Production shares, and per-chip TDP from Parameters.",Epoch AI,2026-03-02T22:35:34.000Z,Epoch AI,2026-05-16 10:29:31+00:00
TPU v5p at Google New Albany on 2024-04-20T00:00:00.000Z,Google New Albany,2024-04-20,TPU v5p,28877,Estimate,Estimate,Google #confident,Google DeepMind #likely,"Building 1 (Q2 FY24 production mix). Chip type and quantity derived from Timeline power, TPU_Production shares, and per-chip TDP from Parameters.",Epoch AI,2026-03-12T20:14:29.000Z,Epoch AI,2026-05-16 10:29:31+00:00
H100 at CoreWeave Chester VA on 2024-04-30T00:00:00.000Z,CoreWeave Chester VA,2024-04-30,H100,22100,Estimate,Estimate,CoreWeave #confident,,Full CTP-01 estimate using the reported 27 MW critical capacity. Chip type and quantity are estimated from the power model.,Epoch AI,2026-06-09T19:59:04.000Z,Epoch AI,2026-06-09 19:59:04+00:00
H100 at Microsoft SAT40 on 2024-05-24T00:00:00.000Z,Microsoft SAT40,2024-05-24,H100,32407,Estimate,Estimate,Microsoft #confident,,Type estimated based on chip sales data. # of units estimated based on power for Building 1.,Epoch AI,2026-05-18T17:53:20.000Z,Epoch AI,2026-05-19 15:12:24+00:00
H100 at Microsoft SAT14 on 2024-07-01T00:00:00.000Z,Microsoft SAT14,2024-07-01,H100,12963,Estimate,Estimate,Microsoft #confident,,Type estimated based on chip sales data. # of units estimated based on power for completed portions of Building 1.,Epoch AI,2026-05-18T17:04:13.000Z,Epoch AI,2026-05-19 15:12:19+00:00
TPU v5p at Google Pryor (North) on 2024-07-19T00:00:00.000Z,Google Pryor (North),2024-07-19,TPU v5p,27959,Estimate,Estimate,Google #confident,Google DeepMind #likely,"First operational capacity (Q3 FY24 mix). Chip type and quantity derived from Timeline power, TPU_Production shares, and Parameters TDP.",Epoch AI,2026-03-12T20:25:20.000Z,Epoch AI,2026-06-12 15:53:38+00:00
TPU v5e at Google Pryor (North) on 2024-07-19T00:00:00.000Z,Google Pryor (North),2024-07-19,TPU v5e,67102,Estimate,Estimate,Google #confident,Google DeepMind #likely,"First operational capacity (Q3 FY24 mix). Chip type and quantity derived from Timeline power, TPU_Production shares, and Parameters TDP.",Epoch AI,2026-03-12T20:25:20.000Z,Epoch AI,2026-06-12 15:53:37+00:00
TPU v6e at Google Papillion on 2024-08-03T00:00:00.000Z,Google Papillion,2024-08-03,TPU v6e,28629,Estimate,Estimate,Google Cloud #confident,Google #likely,"Buildings 2-3 (Q4 FY24 mix). Chip type and quantity derived from Timeline power, TPU_Production shares, and Parameters TDP.",Epoch AI,2026-05-14T20:38:40.000Z,Epoch AI,2026-05-18 18:44:21+00:00
TPU v5e at Google Papillion on 2024-08-03T00:00:00.000Z,Google Papillion,2024-08-03,TPU v5e,177290,Estimate,Estimate,Google Cloud #confident,Google #likely,"Cumulative through Buildings 2-3 (Q4 FY24 mix for new capacity). Chip type and quantity derived from Timeline power, TPU_Production shares, and Parameters TDP.",Epoch AI,2026-05-14T20:38:40.000Z,Epoch AI,2026-05-18 18:44:20+00:00
TPU v5p at Google Papillion on 2024-08-03T00:00:00.000Z,Google Papillion,2024-08-03,TPU v5p,73871,Estimate,Estimate,Google Cloud #confident,Google #likely,"Buildings 2-3 (Q4 FY24 mix). Chip type and quantity derived from Timeline power, TPU_Production shares, and Parameters TDP.",Epoch AI,2026-05-14T20:38:40.000Z,Epoch AI,2026-05-18 18:44:20+00:00
TPU v6e at Google New Albany on 2024-09-13T00:00:00.000Z,Google New Albany,2024-09-13,TPU v6e,14362,Estimate,Estimate,Google #confident,Google DeepMind #likely,"First deployed in Building 2 (Q4 FY24 mix). Chip type and quantity derived from Timeline power, TPU_Production shares, and per-chip TDP from Parameters.",Epoch AI,2026-03-02T22:35:34.000Z,Epoch AI,2026-05-16 10:29:32+00:00
TPU v5p at Google New Albany on 2024-09-13T00:00:00.000Z,Google New Albany,2024-09-13,TPU v5p,65935,Estimate,Estimate,Google #confident,Google DeepMind #likely,"Cumulative through Building 2 (Q4 FY24 mix for new capacity). Chip type and quantity derived from Timeline power, TPU_Production shares, and per-chip TDP from Parameters.",Epoch AI,2026-03-12T20:14:29.000Z,Epoch AI,2026-05-16 10:29:31+00:00
TPU v5e at Google New Albany on 2024-09-13T00:00:00.000Z,Google New Albany,2024-09-13,TPU v5e,192897,Estimate,Estimate,Google #confident,Google DeepMind #likely,"Cumulative through Building 2 (Q4 FY24 mix for new capacity). Chip type and quantity derived from Timeline power, TPU_Production shares, and per-chip TDP from Parameters.",Epoch AI,2026-03-12T20:14:29.000Z,Epoch AI,2026-05-16 10:29:31+00:00
H100 at STACK Infrastructure NVA02 on 2024-10-01T00:00:00.000Z,STACK Infrastructure NVA02,2024-10-01,H100,60911,Estimate,Estimate,,,H100 assumed from 62% market share in Q2 2024 and 8 chips per server (HGX form factor). Count = IT capacity (from air-cooled chiller fan count model) / server power × 8 chips per server.,Epoch AI,2026-04-08T22:16:42.000Z,Epoch AI,2026-04-08 22:16:42+00:00
TPU v5e at Google Council Bluffs (East) on 2024-11-19T00:00:00.000Z,Google Council Bluffs (East),2024-11-19,TPU v5e,60472,Estimate,Estimate,Google #confident,Google DeepMind #likely,"First operational capacity (Q1 FY25 mix). Chip type and quantity derived from Timeline power, TPU_Production shares, and Parameters TDP.",Epoch AI,2026-03-12T20:26:30.000Z,Epoch AI,2026-05-16 10:31:49+00:00
TPU v6e at Google Council Bluffs (East) on 2024-11-19T00:00:00.000Z,Google Council Bluffs (East),2024-11-19,TPU v6e,47741,Estimate,Estimate,Google #confident,Google DeepMind #likely,"First operational capacity (Q1 FY25 mix). Chip type and quantity derived from Timeline power, TPU_Production shares, and Parameters TDP.",Epoch AI,2026-03-12T20:26:30.000Z,Epoch AI,2026-05-16 10:31:49+00:00
TPU v5p at Google Council Bluffs (East) on 2024-11-19T00:00:00.000Z,Google Council Bluffs (East),2024-11-19,TPU v5p,25197,Estimate,Estimate,Google #confident,Google DeepMind #likely,"First operational capacity (Q1 FY25 mix). Chip type and quantity derived from Timeline power, TPU_Production shares, and Parameters TDP.",Epoch AI,2026-03-12T20:26:31.000Z,Epoch AI,2026-05-16 10:31:50+00:00
TPU v5e at Google Omaha on 2024-11-19T00:00:00.000Z,Google Omaha,2024-11-19,TPU v5e,181319,Estimate,Estimate,Google #confident,Google DeepMind #likely,"Cumulative through Building 2 (Q1 FY25 mix for new capacity). Chip type and quantity derived from Timeline power, TPU_Production shares, and Parameters TDP.",Epoch AI,2026-03-12T20:26:31.000Z,Epoch AI,2026-05-16 10:30:42+00:00
TPU v5p at Google Omaha on 2024-11-19T00:00:00.000Z,Google Omaha,2024-11-19,TPU v5p,58761,Estimate,Estimate,Google #confident,Google DeepMind #likely,"Cumulative through Building 2 (Q1 FY25 mix for new capacity). Chip type and quantity derived from Timeline power, TPU_Production shares, and Parameters TDP.",Epoch AI,2026-03-12T20:26:32.000Z,Epoch AI,2026-05-16 10:30:44+00:00
TPU v6e at Google Omaha on 2024-11-19T00:00:00.000Z,Google Omaha,2024-11-19,TPU v6e,47716,Estimate,Estimate,Google #confident,Google DeepMind #likely,"Building 2 (Q1 FY25 mix). Chip type and quantity derived from Timeline power, TPU_Production shares, and Parameters TDP.",Epoch AI,2026-03-12T20:26:32.000Z,Epoch AI,2026-05-16 10:30:43+00:00
TPU v6e at  on 2024-11-19T00:00:00.000Z,,2024-11-19,TPU v6e,47716,Estimate,Estimate,Google #confident,Google DeepMind #likely,"Building 2 (Q1 FY25 mix). Chip type and quantity derived from Timeline power, TPU_Production shares, and Parameters TDP.",Epoch AI,2026-06-08T21:30:16.000Z,Ben Cottier,2026-06-12 16:00:48+00:00
TPU v5e at  on 2024-11-19T00:00:00.000Z,,2024-11-19,TPU v5e,181319,Estimate,Estimate,Google #confident,Google DeepMind #likely,"Cumulative through Building 2 (Q1 FY25 mix for new capacity). Chip type and quantity derived from Timeline power, TPU_Production shares, and Parameters TDP.",Epoch AI,2026-06-08T21:30:16.000Z,Ben Cottier,2026-06-12 16:00:48+00:00
TPU v5p at  on 2024-11-19T00:00:00.000Z,,2024-11-19,TPU v5p,58761,Estimate,Estimate,Google #confident,Google DeepMind #likely,"Cumulative through Building 2 (Q1 FY25 mix for new capacity). Chip type and quantity derived from Timeline power, TPU_Production shares, and Parameters TDP.",Epoch AI,2026-06-08T21:30:17.000Z,Ben Cottier,2026-06-12 16:00:48+00:00
H100 at DayOne Nusajaya on 2024-12-31T00:00:00.000Z,DayOne Nusajaya,2024-12-31,H100,34400,Estimate,Estimate,"ByteDance #likely, Oracle #likely",,"H100: https://english.cw.com.tw/article/article.action?id=4385. ByteDance likely: https://asiatimes.com/2026/03/nvidia-chip-curbs-turn-singapore-into-ai-hub-for-china/, https://english.cw.com.tw/article/article.action?id=4385. Oracle likely: https://newsletter.semianalysis.com/p/how-oracle-is-winning-the-ai-compute-market",Epoch AI,2026-05-08T22:23:31.000Z,Epoch AI,2026-05-16 10:30:42+00:00
H100 at Microsoft Goodyear on 2025-01-16T00:00:00.000Z,Microsoft Goodyear,2025-01-16,H100,58302,Estimate,Estimate,Microsoft #confident,Microsoft #confident,"Building 2 also H100. Count = cumulative H100s across Buildings 1 and 2, each derived from IT capacity / server power × 8.",Epoch AI,2026-04-02T19:44:28.000Z,Epoch AI,2026-05-16 10:29:36+00:00
B200 at  on 2025-02-02T00:00:00.000Z,,2025-02-02,B200,20000,Estimate,Estimate,Oracle,OpenAI,,Epoch AI,2026-05-13T15:09:09.000Z,Axel Campos,2026-05-14 19:34:31+00:00
B200 at Microsoft Project Osmium on 2025-03-01T00:00:00.000Z,Microsoft Project Osmium,2025-03-01,B200,45455,Estimate,Estimate,Microsoft #confident,OpenAI #speculative,Type estimated based on chip sales data. # of units estimated based  on power for Building 3-4,Epoch AI,2026-05-03T00:19:43.000Z,Epoch AI,2026-06-18 05:42:55+00:00
TPU v6e at Google Columbus on 2025-03-01T00:00:00.000Z,Google Columbus,2025-03-01,TPU v6e,78489,Estimate,Estimate,Google #confident,Google DeepMind #likely,"Building 2 (Q2 FY25 mix). Chip type and quantity derived from Timeline power, TPU_Production shares, and Parameters TDP.",Epoch AI,2026-05-07T01:39:11.000Z,Epoch AI,2026-05-16 10:31:50+00:00
TPU v5p at Google Columbus on 2025-03-01T00:00:00.000Z,Google Columbus,2025-03-01,TPU v5p,41425,Estimate,Estimate,Google #confident,Google DeepMind #likely,"Cumulative through Building 2 (Q2 FY25 mix for new capacity). Chip type and quantity derived from Timeline power, TPU_Production shares, and Parameters TDP.",Epoch AI,2026-05-07T01:39:11.000Z,Epoch AI,2026-05-16 10:31:51+00:00
TPU v6e at Google The Dalles on 2025-03-07T00:00:00.000Z,Google The Dalles,2025-03-07,TPU v6e,93248,Estimate,Estimate,,,"Building 1 (Q2 FY25 production mix). Chip type and quantity derived from Timeline power, TPU production, and per-chip TDP.",Epoch AI,2026-05-19T01:41:17.000Z,Epoch AI,2026-05-19 01:41:17+00:00
TPU v5p at Google The Dalles on 2025-03-07T00:00:00.000Z,Google The Dalles,2025-03-07,TPU v5p,16405,Estimate,Estimate,,,"Building 1 (Q2 FY25 production mix). Chip type and quantity derived from Timeline power, TPU production, and per-chip TDP.",Epoch AI,2026-05-19T01:41:18.000Z,Epoch AI,2026-05-19 01:41:18+00:00
B200 at Meta Rosemount on 2025-04-29T00:00:00.000Z,Meta Rosemount,2025-04-29,B200,85364,Estimate,Estimate,Meta #confident,Meta #confident,GB200 NVL72 assumed from commissioning timeline and Chip Owners estimates: https://epoch.ai/data/ai-chip-owners. Count = Total IT power / IT overhead / server power x 72.,Epoch AI,2026-06-25T21:34:28.000Z,Epoch AI,2026-06-25 21:34:28+00:00
B200 at Oracle Batam on 2025-05-15T00:00:00.000Z,Oracle Batam,2025-05-15,B200,15999,Estimate,Estimate,Oracle #likely,,"Estimated from power capacity. DayOne partners with NVIDIA, and these are the best wide-sold chips available at the time. In a [LinkedIn post](https://www.linkedin.com/posts/digitaltransformation-datacenter-ugcPost-7264614420276744194-aQSa/) DayOne said it ""signed a contract with a leading global tech company in Q3 [2024] for 34 MW committed and 38 MW reserved capacity at our Batam campus."" A partnership with Oracle specifically was later [reported](https://www.datacenterdynamics.com/en/news/oracle-establishes-cloud-presence-in-indonesia/), and 34 MW corresponds to the first two data center buildings.",Epoch AI,2026-05-06T14:56:02.000Z,Epoch AI,2026-05-16 10:28:24+00:00
Trainium2 at AWS New Albany on 2025-05-31T00:00:00.000Z,AWS New Albany,2025-05-31,Trainium2,395436,Estimate,Calculations,Amazon #confident,AWS #confident,No site-specific AWS chip disclosure found. Chip type estimated as Trainium2 because this is an AWS AI-oriented data center campus. Unit count references Calculations baseline 8-building Trainium2 unit count.,Epoch AI,2026-06-25T21:22:08.000Z,Epoch AI,2026-06-25 21:22:08+00:00
TPU v6e at Google New Albany on 2025-06-01T00:00:00.000Z,Google New Albany,2025-06-01,TPU v6e,134049,Estimate,Estimate,Google #confident,Google DeepMind #likely,"Cumulative through Building 3 (Q3 FY25 mix for new capacity). Chip type and quantity derived from Timeline power, TPU_Production shares, and per-chip TDP from Parameters.",Epoch AI,2026-03-02T22:35:34.000Z,Epoch AI,2026-05-16 10:29:32+00:00
Ascend 910C at Huawei Horinger on 2025-06-01T00:00:00.000Z,Huawei Horinger,2025-06-01,Ascend 910C,32720,Estimate,Esimate,Huawei #confident,,,Epoch AI,2026-07-01T21:34:52.000Z,Epoch AI,2026-07-02 21:27:45+00:00
TPU v6e at Google Council Bluffs (East) on 2025-06-15T00:00:00.000Z,Google Council Bluffs (East),2025-06-15,TPU v6e,167093,Estimate,Estimate,Google #confident,Google DeepMind #likely,"Cumulative (Q3 FY25 mix for new capacity). Chip type and quantity derived from Timeline power, TPU_Production shares, and Parameters TDP.",Epoch AI,2026-03-12T20:26:31.000Z,Epoch AI,2026-05-16 10:31:50+00:00
Trainium2 at Anthropic-Amazon New Carlisle on 2025-06-23T00:00:00.000Z,Anthropic-Amazon New Carlisle,2025-06-23,Trainium2,457000,Company disclosure,Company disclosure,Amazon #confident,Anthropic #confident,"Project Rainier [announced](https://www.aboutamazon.com/news/aws/aws-project-rainier-ai-trainium-chips-compute-cluster) with Trainium2. In an [interview](https://www.youtube.com/watch?v=jwgW_gHI1Vs&t=220s), AWS CEO says ""they're already running...about 500,000 [Trainium2] chips in Indiana today"". Count = 7 × chips per building, where chips per building = generator-based power / (PUE × IT overhead × chip TDP).",Epoch AI,2026-04-02T19:44:25.000Z,Epoch AI,2026-05-28 22:34:46+00:00
Trainium2 at Amazon Madison Mega Site on 2025-06-23T00:00:00.000Z,Amazon Madison Mega Site,2025-06-23,Trainium2,327000,Estimate,Estimate,Amazon #confident,Amazon #confident,"Chip type assumed from Project Rainier announcement (Trainium2). 5 buildings operational. Count = buildings × chips per building, where chips per building = building power / (PUE × IT overhead factor × chip TDP).",Epoch AI,2026-04-02T19:44:30.000Z,Epoch AI,2026-05-16 10:30:41+00:00
TPU v6e at Google Storey County on 2025-06-30T00:00:00.000Z,Google Storey County,2025-06-30,TPU v6e,121656,Estimate,Estimate,Google #confident,Google DeepMind #likely,Building 2 (Q3 FY25 mix: v6e only). Delta from Building 1 IT power.,Epoch AI,2026-05-01T19:31:24.000Z,Epoch AI,2026-06-18 05:41:51+00:00
Ascend 910C at VNET Bayin Ulanqab on 2025-07-01T00:00:00.000Z,VNET Bayin Ulanqab,2025-07-01,Ascend 910C,26816,Estimate,Estimate,VNET #confident,ByteDance #speculative,"Ascend 910C is assumed based on it being the best and most-produced domestic chip at the time. Speculative to likely on User, given general partnership between VNET and ByteDance.",Epoch AI,2026-05-14T15:52:51.000Z,Epoch AI,2026-06-18 23:39:18+00:00
TPU v6e at Google Mesa on 2025-07-01T00:00:00.000Z,Google Mesa,2025-07-01,TPU v6e,135846,Estimate,Estimate,Google #confident,Google DeepMind #likely,"Building 1 (Q3 FY25 mix). Chip type and quantity derived from Timeline power, TPU_Production shares, and Parameters TDP.",Epoch AI,2026-05-29T15:09:39.000Z,Epoch AI,2026-05-29 15:09:39+00:00
Ascend 910C at Huawei Horinger on 2025-07-01T00:00:00.000Z,Huawei Horinger,2025-07-01,Ascend 910C,65440,Estimate,Estimate,Huawei #confident,,,Epoch AI,2026-07-01T21:34:52.000Z,Epoch AI,2026-07-03 21:28:00+00:00
H100 at Colossus 1 on 2025-07-22T00:00:00.000Z,Colossus 1,2025-07-22,H100,150000,Company disclosure,Company disclosure,SpaceXAI #confident,SpaceXAI #confident,"This is roughly when Musk [said](https://archive.is/z39uN), plus on this date they [reported](https://x.ai/colossus) ""running jobs with 150K+ GPUs"".",Ben Cottier,2025-10-02T13:36:30.000Z,Epoch AI,2026-05-16 10:30:41+00:00
H200 at Colossus 1 on 2025-07-22T00:00:00.000Z,Colossus 1,2025-07-22,H200,50000,Company disclosure,Company disclosure,SpaceXAI #confident,SpaceXAI #confident,"This is roughly when Musk [said](https://archive.is/z39uN), plus on this date they [reported](https://x.ai/colossus) ""running jobs with 150K+ GPUs"".",Ben Cottier,2026-03-02T15:11:08.000Z,Epoch AI,2026-05-16 10:30:41+00:00
B200 at Colossus 1 on 2025-07-22T00:00:00.000Z,Colossus 1,2025-07-22,B200,30000,Company disclosure,Company disclosure,SpaceXAI #confident,SpaceXAI #confident,[30k B200s added](https://archive.is/oHQSA) (in GB200 configuration).,Ben Cottier,2026-03-02T15:12:00.000Z,Epoch AI,2026-05-16 10:30:41+00:00
TPU v6e at Google Red Oak on 2025-08-25T00:00:00.000Z,Google Red Oak,2025-08-25,TPU v6e,87420,Estimate,Estimate,,,"Building 1 (Q4 FY25 production mix). Chip type and quantity derived from Timeline power, TPU production shares, and per-chip TDP.",Epoch AI,2026-05-19T03:13:01.000Z,Epoch AI,2026-05-19 03:13:01+00:00
TPU v7 at Google Red Oak on 2025-08-25T00:00:00.000Z,Google Red Oak,2025-08-25,TPU v7,11535,Estimate,Estimate,,,"Building 1 (Q4 FY25 production mix). Chip type and quantity derived from Timeline power, TPU production shares, and per-chip TDP.",Epoch AI,2026-05-19T03:13:02.000Z,Epoch AI,2026-05-19 03:13:02+00:00
B200 at Microsoft Goodyear on 2025-09-01T00:00:00.000Z,Microsoft Goodyear,2025-09-01,B200,58121,Estimate,Estimate,Microsoft #confident,Microsoft #confident,"GB200 NVL72 assumed from operational date (Q3 2025) and insufficient cooling for B200 power density. Count = 2 buildings × chips per building, from chiller-based IT capacity / server power × 72.",Epoch AI,2026-04-02T19:44:29.000Z,Epoch AI,2026-05-16 10:29:36+00:00
TPU v6e at Google Waltham Cross on 2025-09-01T00:00:00.000Z,Google Waltham Cross,2025-09-01,TPU v6e,100038,Estimate,Estimate,Google #confident,Google DeepMind #likely,"Full buildout (2025-09-01, 88.3 MW IT power). Operational status confirmed via Sentinel-2 imagery (building complete, cars in car park) and Google's official blog post announcing the site. Q4 FY25 mix (TPU v6e 75%, TPU v7 25%) per TPU_Production — a real, non-extrapolated quarter. Chip type and quantity derived from Timeline power, TPU_Production shares, and Parameters TDP. Reconfirmed via high-resolution imagery in April 2026 with no additional capacity added.",Epoch AI,2026-07-03T14:03:39.000Z,Epoch AI,2026-07-06 12:53:46+00:00
TPU v7 at Google Waltham Cross on 2025-09-01T00:00:00.000Z,Google Waltham Cross,2025-09-01,TPU v7,13200,Estimate,Estimate,Google #confident,Google DeepMind #likely,"Full buildout (2025-09-01, 88.3 MW IT power). Operational status confirmed via Sentinel-2 imagery (building complete, cars in car park) and Google's official blog post announcing the site. Q4 FY25 mix (TPU v6e 75%, TPU v7 25%) per TPU_Production — a real, non-extrapolated quarter. Chip type and quantity derived from Timeline power, TPU_Production shares, and Parameters TDP. Reconfirmed via high-resolution imagery in April 2026 with no additional capacity added.",Epoch AI,2026-07-03T14:03:39.000Z,Epoch AI,2026-07-06 12:53:46+00:00
Trainium2 at AWS Berwick PA on 2025-09-09T00:00:00.000Z,AWS Berwick PA,2025-09-09,Trainium2,72559,Estimate,Estimate,Amazon #confident,,No Berwick-specific chip disclosure found. Building 1 quantity is estimated from modeled IT power using the same Trainium2 chips-per-IT-MW assumption as AWS New Albany.,Epoch AI,2026-06-30T19:32:49.000Z,Epoch AI,2026-06-30 19:32:49+00:00
B200 at OpenAI Stargate Abilene on 2025-09-26T00:00:00.000Z,OpenAI Stargate Abilene,2025-09-26,B200,100800,Company disclosure,Company disclosure,Oracle #confident,OpenAI #confident,"[Crusoe Impact Report 2024, p.19](https://cdn.prod.website-files.com/6855c1aa175582ee23e0aa19/68710273a71bb7c11049ba28_Crusoe_Impact_Report_2024.pdf#page=19)",Epoch AI,2026-03-03T20:35:37.000Z,Epoch AI,2026-05-16 10:28:24+00:00
B200 at Fluidstack Lake Mariner on 2025-10-01T00:00:00.000Z,Fluidstack Lake Mariner,2025-10-01,B200,7852,Estimate,Estimate,Core42 #confident,G42 #likely,"Chip type could be H200, but given the timing and use of liquid cooling, probably B200. [TeraWulf press release](https://investors.terawulf.com/news-events/press-releases/detail/99/terawulf-to-deliver-over-70-mw-of-data-center)",Epoch AI,2026-03-05T20:57:19.000Z,Epoch AI,2026-06-18 05:41:51+00:00
TPU v6e at Google Columbus on 2025-10-01T00:00:00.000Z,Google Columbus,2025-10-01,TPU v6e,176600,Estimate,Estimate,Google #confident,Google DeepMind #likely,"Cumulative through Building 3 (Q4 FY25 mix for new capacity). Chip type and quantity derived from Timeline power, TPU_Production shares, and Parameters TDP.",Epoch AI,2026-05-07T01:39:12.000Z,Epoch AI,2026-05-16 10:31:51+00:00
TPU v7 at Google Columbus on 2025-10-01T00:00:00.000Z,Google Columbus,2025-10-01,TPU v7,12945,Estimate,Estimate,Google #confident,Google DeepMind #likely,"Building 3 (Q4 FY25 mix). Chip type and quantity derived from Timeline power, TPU_Production shares, and Parameters TDP.",Epoch AI,2026-05-07T01:39:12.000Z,Epoch AI,2026-05-16 10:31:51+00:00
TPU v6e at Google New Albany on 2025-10-14T00:00:00.000Z,Google New Albany,2025-10-14,TPU v6e,262285,Estimate,Estimate,Google #confident,Google DeepMind #likely,"Cumulative through Building 4 (Q4 FY25 mix for new capacity). Chip type and quantity derived from Timeline power, TPU_Production shares, and per-chip TDP from Parameters.",Epoch AI,2026-03-02T22:35:34.000Z,Epoch AI,2026-05-16 10:29:32+00:00
TPU v7 at Google New Albany on 2025-10-14T00:00:00.000Z,Google New Albany,2025-10-14,TPU v7,16920,Estimate,Estimate,Google #confident,Google DeepMind #likely,"First deployed in Building 4 (Q4 FY25 mix). Chip type and quantity derived from Timeline power, TPU_Production shares, and per-chip TDP from Parameters.",Epoch AI,2026-03-12T20:14:31.000Z,Epoch AI,2026-05-16 10:29:33+00:00
B200 at Microsoft Fairwater Atlanta on 2025-10-14T00:00:00.000Z,Microsoft Fairwater Atlanta,2025-10-14,B200,153563,Estimate,Estimate,Microsoft #confident,Microsoft #confident,GB200 NVL72 assumed from similarity to Microsoft Fairwater Wisconsin. Count = (Building 2/4 + Building 1 facility power) / PUE / IT overhead / server power × 72. Buildings 1-2 operational (paired Fairwater design).,Epoch AI,2026-04-02T19:44:27.000Z,Epoch AI,2026-05-16 10:30:37+00:00
B200 at Meta Prometheus on 2025-10-14T00:00:00.000Z,Meta Prometheus,2025-10-14,B200,27972,Estimate,Estimate,Meta #confident,Meta #confident,"Buildings 4-10 come online. B200 count = (total power at this date minus H-shaped buildings power) / (PUE × IT overhead × GB200 server power) × 72. Includes Meta, QTS, and Vantage buildings.",Epoch AI,2026-04-02T19:46:42.000Z,Epoch AI,2026-05-16 10:34:42+00:00
B200 at  on 2025-10-19T00:00:00.000Z,,2025-10-19,B200,110000,Company disclosure,Company disclosure,SpaceXAI #confident,SpaceXAI #confident,[xAI Memphis announcement](https://x.com/xAIMemphis/status/1947724711968051414),Epoch AI,2026-05-22T01:50:50.000Z,Siyuan Du,2026-05-27 13:45:10+00:00
B200 at  on 2025-10-19T00:00:00.000Z,,2025-10-19,B200,110000,Company disclosure,Company disclosure,SpaceXAI #confident,SpaceXAI #confident,[xAI Memphis announcement](https://x.com/xAIMemphis/status/1947724711968051414),Epoch AI,2026-05-22T01:52:38.000Z,Siyuan Du,2026-05-27 13:45:10+00:00
B200 at Colossus 2 on 2025-10-19T00:00:00.000Z,Colossus 2,2025-10-19,B200,110000,Company disclosure,Company disclosure,SpaceXAI #confident,SpaceXAI #confident,[xAI Memphis announcement](https://x.com/xAIMemphis/status/1947724711968051414),Epoch AI,2026-05-24T17:53:05.000Z,Epoch AI,2026-05-24 17:53:05+00:00
B200 at CoreWeave Ellendale ND on 2025-10-27T00:00:00.000Z,CoreWeave Ellendale ND,2025-10-27,B200,27300,Estimate,Estimate,CoreWeave #confident,,First operational chip-count row. Applied Digital announced the first 50 MW phase of PF1 Building 1 reached Ready for Service on this date. Chip count is estimated as 50 MW × 546 B200/MW.,Epoch AI,2026-05-27T18:14:03.000Z,Epoch AI,2026-07-01 20:02:57+00:00
TPU v7 at Google Lancaster on 2025-10-31T00:00:00.000Z,Google Lancaster,2025-10-31,TPU v7,10228,Estimate,Estimate,Google #confident,Google DeepMind #likely,"Building 2 (Q4 FY25 mix). Chip type and quantity derived from Timeline power, TPU_Production shares, and Parameters TDP.",Epoch AI,2026-05-29T17:12:42.000Z,Epoch AI,2026-05-29 17:12:42+00:00
TPU v6e at Google Lancaster on 2025-10-31T00:00:00.000Z,Google Lancaster,2025-10-31,TPU v6e,77519,Estimate,Estimate,Google #confident,Google DeepMind #likely,"Building 2 (Q4 FY25 mix). Chip type and quantity derived from Timeline power, TPU_Production shares, and Parameters TDP.",Epoch AI,2026-05-29T17:12:42.000Z,Epoch AI,2026-05-29 17:12:42+00:00
Trainium2 at AWS Berwick PA on 2025-10-31T00:00:00.000Z,AWS Berwick PA,2025-10-31,Trainium2,107588,Estimate,Estimate,Amazon #confident,,Building 2 is added to the operational estimate after September imagery showed it nearly complete and final generators being installed.,Epoch AI,2026-06-30T19:32:49.000Z,Epoch AI,2026-06-30 19:32:49+00:00
Ascend 910C at VNET Bayin Ulanqab on 2025-11-01T00:00:00.000Z,VNET Bayin Ulanqab,2025-11-01,Ascend 910C,121112,Estimate,Estimate,VNET #confident,ByteDance #speculative,"Ascend 910C is assumed based on it being the best and most-produced domestic chip at the time. Speculative to likely on User, given general partnership between VNET and ByteDance.",Epoch AI,2026-05-14T15:52:51.000Z,Epoch AI,2026-06-18 23:39:18+00:00
B200 at CoreWeave Ellendale ND on 2025-11-24T00:00:00.000Z,CoreWeave Ellendale ND,2025-11-24,B200,37000,Estimate,Estimate,CoreWeave #confident,,"Building 1 reached full service on this date, but the chip count uses the sheet's cooling-based modeled Building 1 IT load of 67.7 MW instead of the officially disclosed 100 MW critical IT load.",Epoch AI,2026-05-27T18:14:04.000Z,Epoch AI,2026-07-01 20:02:58+00:00
Ascend 910C at VNET Bayin Ulanqab on 2025-12-01T00:00:00.000Z,VNET Bayin Ulanqab,2025-12-01,Ascend 910C,156888,Estimate,Estimate,VNET #confident,ByteDance #speculative,"Ascend 910C is assumed based on it being the best and most-produced domestic chip at the time. Speculative to likely on User, given general partnership between VNET and ByteDance.",Epoch AI,2026-05-14T15:52:52.000Z,Epoch AI,2026-06-18 23:39:19+00:00
B300 at Microsoft SAT40 on 2025-12-01T00:00:00.000Z,Microsoft SAT40,2025-12-01,B300,12750,Estimate,Estimate,Microsoft #confident,,Type estimated based on chip sales data. # of units estimated based on power for Building 2.,Epoch AI,2026-05-18T17:53:20.000Z,Epoch AI,2026-05-19 15:12:24+00:00
B300 at Meta Temple on 2025-12-09T00:00:00.000Z,Meta Temple,2025-12-09,B300,68571,Estimate,Estimate,Meta #confident,Meta #confident,"GB300 NVL72 assumed from commissioning timeline (Q3-Q4 2025, when GB300 shipments exceeded GB200). Count = (Building 1 + Building 2 IT capacity) / IT overhead / server power × 72.",Epoch AI,2026-04-02T19:45:38.000Z,Epoch AI,2026-05-16 10:32:56+00:00
Trainium2 at Anthropic-Amazon New Carlisle on 2025-12-23T00:00:00.000Z,Anthropic-Amazon New Carlisle,2025-12-23,Trainium2,718000,Company disclosure,Estimate,Amazon #confident,Anthropic #confident,11 buildings operational. Same per-building model as above.,Epoch AI,2026-04-02T19:44:26.000Z,Epoch AI,2026-05-28 22:34:46+00:00
B200 at CoreWeave Denton TX on 2025-12-31T00:00:00.000Z,CoreWeave Denton TX,2025-12-31,B200,16000,Estimate,Estimate,CoreWeave #confident,OpenAI #likely,"Data Center Dynamics, citing The Information/internal comms, says Denton had more than 16,000 GPUs by the end of Dec 2025. I'm assuming they're Grace Blackwell GPUS based on later information. Use as minimum. (Data Center Dynamics)",Epoch AI,2026-05-14T15:54:00.000Z,Epoch AI,2026-05-16 10:34:07+00:00
B300 at DayOne Nusajaya on 2026-01-22T00:00:00.000Z,DayOne Nusajaya,2026-01-22,B300,97870,Estimate,Estimate,"ByteDance #likely, Oracle #likely",,"B300 based on the timing of total chip sales in the prior quarter (https://epoch.ai/data/ai-chip-sales), plus DayOne's partnership with NVIDIA (they mention using GB200 here: https://dayonedc.com/our-solutions). ByteDance likely: https://asiatimes.com/2026/03/nvidia-chip-curbs-turn-singapore-into-ai-hub-for-china/, https://english.cw.com.tw/article/article.action?id=4385. Oracle likely: https://newsletter.semianalysis.com/p/how-oracle-is-winning-the-ai-compute-market",Epoch AI,2026-05-08T22:23:32.000Z,Epoch AI,2026-05-16 10:30:43+00:00
B200 at Vantage TX1 on 2026-02-15T00:00:00.000Z,Vantage TX1,2026-02-15,B200,15311,Estimate,Estimate,,,GB200 NVL72 assumed. Building 1 reported IT power of 32 MW (TDLR). Count = IT power / (IT overhead × server power) × 72.,Epoch AI,2026-04-02T19:46:49.000Z,Epoch AI,2026-04-02 19:46:49+00:00
B300 at CoreWeave Dalton 1 & 2 on 2026-02-20T00:00:00.000Z,CoreWeave Dalton 1 & 2,2026-02-20,B300,12750,Estimate,Estimate,CoreWeave #confident,,,Epoch AI,2026-06-30T18:40:16.000Z,Epoch AI,2026-06-30 18:40:16+00:00
B300 at Meta Sarpy County on 2026-02-22T00:00:00.000Z,Meta Sarpy County,2026-02-22,B300,36300,Estimate,Estimate,Meta #confident,Meta #confident,GB300 NVL72 assumed from commissioning timeline and estimates from https://epoch.ai/data/ai-chip-owners . Count = Total IT power / IT overhead / server power x 72.,Epoch AI,2026-06-10T18:58:55.000Z,Epoch AI,2026-06-18 05:41:53+00:00
B200 at Meta Prometheus on 2026-02-27T00:00:00.000Z,Meta Prometheus,2026-02-27,B200,150279,Estimate,Estimate,Meta #confident,Meta #confident,"Adds Building 16 (Vantage). Same model, updated total power.",Epoch AI,2026-04-02T19:46:42.000Z,Epoch AI,2026-05-16 10:34:42+00:00
B300 at Meta Los Lunas on 2026-03-01T00:00:00.000Z,Meta Los Lunas,2026-03-01,B300,39453,Estimate,Estimate,Meta #confident,Meta #confident,GB300 NVL72 assumed from commissioning timeline and estimates from https://epoch.ai/data/ai-chip-owners . Count = Total IT power / IT overhead / server power x 72.,Epoch AI,2026-06-16T19:18:15.000Z,Epoch AI,2026-06-16 21:07:59+00:00
B200 at CoreWeave Denton TX on 2026-03-02T00:00:00.000Z,CoreWeave Denton TX,2026-03-02,B200,50000,Company disclosure,Company disclosure,CoreWeave #confident,OpenAI #likely,"Core Scientific's Q4 2025 report said Denton was at roughly 130 billable MW and actively supporting more than 50,000 Grace Blackwell GPUs. Use as minimum. (MarketBeat)",Epoch AI,2026-05-14T15:54:00.000Z,Epoch AI,2026-05-16 10:34:07+00:00
B300 at Meta Jeffersonville on 2026-03-06T00:00:00.000Z,Meta Jeffersonville,2026-03-06,B300,80486,Estimate,Estimate,Meta #confident,Meta #confident,GB300 NVL72 assumed from commissioning timeline and estimates from https://epoch.ai/data/ai-chip-owners. Count = Total IT power / IT overhead / server power x 72.,Epoch AI,2026-05-26T23:31:19.000Z,Epoch AI,2026-06-04 21:40:13+00:00
Trainium2 at AWS New Albany on 2026-03-12T00:00:00.000Z,AWS New Albany,2026-03-12,Trainium2,618539,Estimate,Calculations,Amazon #confident,AWS #confident,Quantity updated because satellite imagery increases modeled operational count to 12 buildings. Unit count references Calculations March 2026 12-building Trainium2 unit count.,Epoch AI,2026-06-25T21:22:08.000Z,Epoch AI,2026-06-25 21:22:08+00:00
B200 at CoreWeave Marble NC on 2026-03-13T00:00:00.000Z,CoreWeave Marble NC,2026-03-13,B200,17200,Estimate,Estimate,CoreWeave #confident,,Core Scientific reported 37 MW operational and billing at Marble as of March 2026. Chip type and count are not disclosed for Marble. Estimate assumes GB200 NVL72 racks with 72 Blackwell GPUs per rack and 0.132 MW per rack. (Supplemental Core Scientific Information),Epoch AI,2026-05-08T21:06:19.000Z,Epoch AI,2026-06-05 00:45:56+00:00
Trainium2 at Anthropic-Amazon New Carlisle on 2026-03-23T00:00:00.000Z,Anthropic-Amazon New Carlisle,2026-03-23,Trainium2,1040000,Company disclosure,Estimate,Amazon #confident,Anthropic #confident,"16 buildings operational. Same model. In an [interview](https://www.youtube.com/watch?v=jwgW_gHI1Vs&t=220s), AWS CEO says ""we expect jointly we'll be running more than a million Trainium2 chips [in Indiana] by the end of [2025]"". We think this was delayed by a few months based on our satellite imagery.",Epoch AI,2026-04-02T19:44:26.000Z,Epoch AI,2026-05-28 22:34:46+00:00
B200 at Fluidstack Lake Mariner on 2026-03-31T00:00:00.000Z,Fluidstack Lake Mariner,2026-03-31,B200,28463,Estimate,Estimate,Core42 #confident,G42 #likely,"Chip type could be H200, but given the timing and use of liquid cooling, probably B200. [TeraWulf press release](https://investors.terawulf.com/news-events/press-releases/detail/99/terawulf-to-deliver-over-70-mw-of-data-center)",Epoch AI,2026-03-05T20:57:19.000Z,Epoch AI,2026-06-18 05:41:51+00:00
B300 at Start Campus Sines Data Campus on 2026-03-31T00:00:00.000Z,Start Campus Sines Data Campus,2026-03-31,B300,12600,Company disclosure,Company disclosure,Nscale #confident,Microsoft #confident,First deployment set to go live by Q1 2026 according to [announcement](https://lp.startcampus.pt/start-campus-hosts-eus-first-nvidia-gb300-chips-with-nscale-for-microsoft).,Epoch AI,2026-04-20T21:59:34.000Z,Epoch AI,2026-05-16 10:34:05+00:00
B300 at Microsoft SAT14 on 2026-03-31T00:00:00.000Z,Microsoft SAT14,2026-03-31,B300,12750,Estimate,Estimate,Microsoft #confident,,Type estimated based on chip sales data. # of units estimated based on power for Building 2 and the rest of Building 1 that was completed since initial operation.,Epoch AI,2026-05-18T17:04:14.000Z,Epoch AI,2026-05-19 15:12:19+00:00
B300 at  on 2026-04-06T00:00:00.000Z,,2026-04-06,B300,110000,Company disclosure,Company disclosure,SpaceXAI #confident,SpaceXAI #confident,"[Company S-1 filing, page 76](https://www.sec.gov/Archives/edgar/data/1181412/000162828026036936/spaceexplorationtechnologi.htm)",Epoch AI,2026-05-22T01:50:51.000Z,Siyuan Du,2026-05-27 13:45:10+00:00
B300 at  on 2026-04-06T00:00:00.000Z,,2026-04-06,B300,110000,Company disclosure,Company disclosure,SpaceXAI #confident,SpaceXAI #confident,"[Company S-1 filing, page 76](https://www.sec.gov/Archives/edgar/data/1181412/000162828026036936/spaceexplorationtechnologi.htm)",Epoch AI,2026-05-22T01:52:39.000Z,Siyuan Du,2026-05-27 13:45:10+00:00
B300 at Colossus 2 on 2026-04-06T00:00:00.000Z,Colossus 2,2026-04-06,B300,110000,Company disclosure,Company disclosure,SpaceXAI #confident,SpaceXAI #confident,"[Company S-1 filing, page 76](https://www.sec.gov/Archives/edgar/data/1181412/000162828026036936/spaceexplorationtechnologi.htm)",Epoch AI,2026-05-24T17:53:06.000Z,Epoch AI,2026-05-24 17:53:06+00:00
B200 at Microsoft Fairwater Wisconsin on 2026-04-16T00:00:00.000Z,Microsoft Fairwater Wisconsin,2026-04-16,B200,221184,Company disclosure,Estimate,Microsoft #confident,Microsoft #confident,"GB200 NVL72 confirmed by Microsoft ([blog post](https://blogs.microsoft.com/blog/2025/09/18/inside-the-worlds-most-powerful-ai-datacenter/)). Building 1. Count based on blueprint analysis: 2 stories × 128 rack rows × 12 GPU racks per row × 72 chips. This is also consistent with ""hundreds of thousands of NVIDIA GB200s"" ([Satya Nadella](https://x.com/satyanadella/status/1968677244861379012)).",Epoch AI,2026-04-17T22:18:05.000Z,Ben Cottier,2026-05-19 19:46:37+00:00
B200 at  on 2026-04-16T00:00:00.000Z,,2026-04-16,B200,221184,Company disclosure,Estimate,Microsoft #confident,Microsoft #confident,"GB200 NVL72 confirmed by Microsoft ([blog post](https://blogs.microsoft.com/blog/2025/09/18/inside-the-worlds-most-powerful-ai-datacenter/)). Building 1. Count based on blueprint analysis: 2 stories × 128 rack rows × 12 GPU racks per row × 72 chips. This is also consistent with ""hundreds of thousands of NVIDIA GB200s"" ([Satya Nadella](https://x.com/satyanadella/status/1968677244861379012)).",Epoch AI,2026-05-19T20:42:25.000Z,Ben Cottier,2026-05-20 19:58:52+00:00
B300 at Oracle Batam on 2026-04-17T00:00:00.000Z,Oracle Batam,2026-04-17,B300,17397,Estimate,Estimate,Oracle #likely,,"Estimated from power capacity. DayOne partners with NVIDIA, and these are the best wide-sold chips available at the time. In a [LinkedIn post](https://www.linkedin.com/posts/digitaltransformation-datacenter-ugcPost-7264614420276744194-aQSa/) DayOne said it ""signed a contract with a leading global tech company in Q3 [2024] for 34 MW committed and 38 MW reserved capacity at our Batam campus."" A partnership with Oracle specifically was later [reported](https://www.datacenterdynamics.com/en/news/oracle-establishes-cloud-presence-in-indonesia/), and 38 MW corresponds to the third data center building. We assume Oracle has used their reservation by this point, but this is not confirmed.",Epoch AI,2026-05-06T14:56:02.000Z,Epoch AI,2026-05-16 10:28:25+00:00
H100 at Stream Phoenix on 2026-05-01T00:00:00.000Z,Stream Phoenix,2026-05-01,H100,46112,Estimate,Estimate,,,"This is for building 1; the shell is complete, and it should be operational as of this date.  H100 stub retained but no count available.",Epoch AI,2026-04-08T22:17:52.000Z,Epoch AI,2026-04-08 22:17:52+00:00
B200 at CoreWeave Marble NC on 2026-05-06T00:00:00.000Z,CoreWeave Marble NC,2026-05-06,B200,31100,Estimate,Estimate,CoreWeave #confident,,Core Scientific reported Marble as fully handed over to CoreWeave at about 65 MW of leased customer power. Chip type and count are not disclosed for Marble. Estimate assumes GB200 NVL72 racks with 72 Blackwell GPUs per rack and 0.132 MW per rack. (Core Scientific Fiscal Q1 2026 Earnings Call),Epoch AI,2026-05-08T21:06:19.000Z,Epoch AI,2026-06-05 00:45:56+00:00
Trainium2 at Amazon Ridgeland on 2026-05-15T00:00:00.000Z,Amazon Ridgeland,2026-05-15,Trainium2,261244,Estimate,Estimate,Amazon #confident,Amazon #confident,"Chip type assumed from Project Rainier announcement (Trainium2). 4 buildings (type 1, 26 generators each) operational. Count = buildings × chips per building, where chips per building = generator-based power / (PUE × IT overhead × chip TDP).",Epoch AI,2026-06-30T21:32:01.000Z,Epoch AI,2026-06-30 21:32:01+00:00
B200 at Meta Prometheus on 2026-05-18T00:00:00.000Z,Meta Prometheus,2026-05-18,B200,206902,Estimate,Estimate,Meta #confident,Meta #confident,"Adds Meta tent buildings 11-15. Same model, updated total power.",Epoch AI,2026-04-02T19:46:43.000Z,Epoch AI,2026-05-16 10:34:42+00:00
B300 at OpenAI Stargate Abilene on 2026-05-23T00:00:00.000Z,OpenAI Stargate Abilene,2026-05-23,B300,100800,Estimate,Estimate,Oracle #confident,OpenAI #confident,"Building design is the same but the chillers are slightly larger, suggesting the same number of servers but slightly more power per server. This is consistent with B300, as is the timing with B300 chip sales ramping up.",Epoch AI,2026-04-22T20:08:29.000Z,Epoch AI,2026-05-16 10:28:24+00:00
Trainium2 at AWS New Albany on 2026-05-26T00:00:00.000Z,AWS New Albany,2026-05-26,Trainium2,825911,Estimate,Calculations,Amazon #confident,AWS #confident,"Quantity updated because satellite imagery increases modeled operational count to 15 buildings: Building 1, Buildings 5-9, and Buildings 10, 12-19. Unit count references Calculations current 15-building Trainium2 unit count.",Epoch AI,2026-06-25T21:22:08.000Z,Epoch AI,2026-06-25 21:22:08+00:00
B200 at Meta Prometheus on 2026-05-28T00:00:00.000Z,Meta Prometheus,2026-05-28,B200,232270,Estimate,Estimate,Meta #confident,Meta #confident,"Adds Building 17 (Vantage). Same model, updated total power.",Epoch AI,2026-04-02T19:46:43.000Z,Epoch AI,2026-05-16 10:34:43+00:00
TPU v7 at Fluidstack Lake Mariner on 2026-05-31T00:00:00.000Z,Fluidstack Lake Mariner,2026-05-31,TPU v7,25120,Estimate,Estimate,Fluidstack #confident,Anthropic #likely,"[DCD: Google offers TPUs to AI cloud providers](https://www.datacenterdynamics.com/en/news/google-offers-its-tpus-to-ai-cloud-providers-report/), [Anthropic $50B infrastructure investment](https://www.anthropic.com/news/anthropic-invests-50-billion-in-american-ai-infrastructure)",Epoch AI,2026-03-05T20:57:19.000Z,Epoch AI,2026-06-18 05:41:52+00:00
TPU v6e at Fluidstack Lake Mariner on 2026-05-31T00:00:00.000Z,Fluidstack Lake Mariner,2026-05-31,TPU v6e,0,Estimate,Estimate,Fluidstack #confident,Anthropic #likely,"[DCD: Google offers TPUs to AI cloud providers](https://www.datacenterdynamics.com/en/news/google-offers-its-tpus-to-ai-cloud-providers-report/), [Anthropic $50B infrastructure investment](https://www.anthropic.com/news/anthropic-invests-50-billion-in-american-ai-infrastructure)",Epoch AI,2026-03-05T20:57:19.000Z,Epoch AI,2026-06-18 05:41:52+00:00
H200 at Colossus 1 on 2026-06-01T00:00:00.000Z,Colossus 1,2026-06-01,H200,50000,Company disclosure,Company disclosure,SpaceXAI #confident,Anthropic #confident,"https://www.anthropic.com/news/higher-limits-spacex. As of June, because they said ""within the month [of May]""",Epoch AI,2026-05-07T22:24:52.000Z,Epoch AI,2026-05-16 10:30:42+00:00
B200 at Colossus 1 on 2026-06-01T00:00:00.000Z,Colossus 1,2026-06-01,B200,30000,Company disclosure,Company disclosure,SpaceXAI #confident,Anthropic #confident,"https://www.anthropic.com/news/higher-limits-spacex. As of June, because they said ""within the month [of May]""",Epoch AI,2026-05-07T22:24:52.000Z,Epoch AI,2026-05-16 10:30:43+00:00
H100 at Colossus 1 on 2026-06-01T00:00:00.000Z,Colossus 1,2026-06-01,H100,150000,Company disclosure,Company disclosure,SpaceXAI #confident,Anthropic #confident,"https://www.anthropic.com/news/higher-limits-spacex. As of June, because they said ""within the month [of May]""",Epoch AI,2026-05-07T22:24:52.000Z,Epoch AI,2026-05-16 10:30:41+00:00
B200 at Microsoft Fairwater Atlanta on 2026-06-14T00:00:00.000Z,Microsoft Fairwater Atlanta,2026-06-14,B200,304279,Estimate,Estimate,Microsoft #confident,Microsoft #confident,All 4 buildings. Same model using total facility power.,Epoch AI,2026-06-09T16:57:37.000Z,Epoch AI,2026-06-09 16:57:37+00:00
B300 at Meta Gallatin on 2026-06-15T00:00:00.000Z,Meta Gallatin,2026-06-15,B300,39453,Estimate,Estimate,Meta #confident,Meta #confident,GB300 NVL72 assumed from commissioning timeline and estimates from https://epoch.ai/data/ai-chip-owners . Count = Total IT power / IT overhead / server power x 72.,Epoch AI,2026-06-16T21:05:04.000Z,Epoch AI,2026-06-16 21:05:04+00:00
TPU v6e at Google Arcola on 2026-06-16T00:00:00.000Z,Google Arcola,2026-06-16,TPU v6e,26313,Estimate,Estimate,Google #confident,Google DeepMind #likely,Naively using FY Q1 2026 TPU_Production estimates until further notice. ,Epoch AI,2026-06-30T19:36:11.000Z,Epoch AI,2026-07-06 23:27:52+00:00
TPU v7 at Google Arcola on 2026-06-16T00:00:00.000Z,Google Arcola,2026-06-16,TPU v7,35876,Estimate,Estimate,Google #confident,Google DeepMind #likely,Naively setting Google DeepMind as likely given it's a recent Google data center.,Epoch AI,2026-06-30T19:36:11.000Z,Epoch AI,2026-07-06 23:27:52+00:00
B300 at Meta Montgomery on 2026-06-18T00:00:00.000Z,Meta Montgomery,2026-06-18,B300,69074,Estimate,Estimate,Meta #confident,Meta #confident,"Assumed based on chip ownership data, number calculated from estimated IT power",Epoch AI,2026-06-11T20:49:34.000Z,Epoch AI,2026-06-11 20:49:34+00:00
B300 at OpenAI Stargate Abilene on 2026-06-22T00:00:00.000Z,OpenAI Stargate Abilene,2026-06-22,B300,302400,Estimate,Estimate,Oracle #confident,OpenAI #confident,"Buildings 5-8 come online, bringing total B300 buildings to 6. Same building design as B200 buildings but slightly larger chillers suggest same server count with higher power per server, consistent with B300 and timing of B300 chip sales ramp.",Epoch AI,2026-04-22T19:30:27.000Z,Epoch AI,2026-05-16 10:28:25+00:00
B200 at Coreweave Helios on 2026-06-30T00:00:00.000Z,Coreweave Helios,2026-06-30,B200,63151,Estimate,Estimate,CoreWeave #confident,CoreWeave #confident,"GB200 NVL72 assumed from rack density specs (130-140 kW, matching NVL72). Phase I (1 building, 200 MW). Count = reported facility power / PUE / IT overhead / server power × 72.",Epoch AI,2026-04-02T19:45:37.000Z,Epoch AI,2026-05-16 10:31:50+00:00
B200 at CoreWeave Denton TX on 2026-06-30T00:00:00.000Z,CoreWeave Denton TX,2026-06-30,B200,100000,Estimate,Estimate,CoreWeave #confident,OpenAI #likely,"This is the estimated final CoreWeave AI load. Since it's disclosed to be >50,000 GPUs at ~130 MW, a safe estimate can be 100,000 GPUs at the full 260 MW. (MarketBeat)",Epoch AI,2026-05-14T15:54:00.000Z,Epoch AI,2026-05-16 10:34:07+00:00
B300 at  on 2026-07-01T00:00:00.000Z,,2026-07-01,B300,220000,Company disclosure,Company disclosure,SpaceXAI #confident,SpaceXAI #confident,"[Company S-1 filing, page 76](https://www.sec.gov/Archives/edgar/data/1181412/000162828026036936/spaceexplorationtechnologi.htm)",Epoch AI,2026-05-22T01:50:51.000Z,Siyuan Du,2026-05-27 13:45:10+00:00
B300 at  on 2026-07-01T00:00:00.000Z,,2026-07-01,B300,220000,Company disclosure,Company disclosure,SpaceXAI #confident,SpaceXAI #confident,"[Company S-1 filing, page 76](https://www.sec.gov/Archives/edgar/data/1181412/000162828026036936/spaceexplorationtechnologi.htm)",Epoch AI,2026-05-22T01:52:39.000Z,Siyuan Du,2026-05-27 13:45:10+00:00
B300 at Colossus 2 on 2026-07-01T00:00:00.000Z,Colossus 2,2026-07-01,B300,220000,Company disclosure,Company disclosure,SpaceXAI #confident,SpaceXAI #confident,"[Company S-1 filing, page 76](https://www.sec.gov/Archives/edgar/data/1181412/000162828026036936/spaceexplorationtechnologi.htm)",Epoch AI,2026-05-24T17:53:06.000Z,Epoch AI,2026-05-24 17:53:06+00:00
B300 at Meta Aiken on 2026-07-15T00:00:00.000Z,Meta Aiken,2026-07-15,B300,64098,Estimate,Meta #confident,Meta #confident,"Assumed based on chip ownership data, number calculated from estimated IT power",,Epoch AI,2026-06-12T17:04:02.000Z,Axel Campos,2026-06-15 18:30:53+00:00
B300 at Meta Cheyenne on 2026-07-25T00:00:00.000Z,Meta Cheyenne,2026-07-25,B300,68367,Estimate,Estimate,Meta #confident,Meta #confident,"Assumed based on chip ownership data, number calculated from estimated IT power",Epoch AI,2026-06-18T15:12:46.000Z,Epoch AI,2026-06-30 20:43:13+00:00
B300 at Meta Kuna on 2026-08-01T00:00:00.000Z,Meta Kuna,2026-08-01,B300,68571,Estimate,Estimate,Meta #confident,Meta #confident,"Presumably the same as Meta Temple, and the most sold chip in Q4 2025 by a small margin.",Epoch AI,2026-04-14T19:05:57.000Z,Epoch AI,2026-06-18 05:42:57+00:00
B200 at Meta Prometheus on 2026-08-26T00:00:00.000Z,Meta Prometheus,2026-08-26,B200,257637,Estimate,Estimate,Meta #confident,Meta #confident,"Adds Building 18 (Vantage). Same model, updated total power.",Epoch AI,2026-04-02T19:46:43.000Z,Epoch AI,2026-05-16 10:34:43+00:00
B300 at Meta Temple on 2026-09-30T00:00:00.000Z,Meta Temple,2026-09-30,B300,80139,Estimate,Estimate,Meta #confident,Meta #confident,"Adds Building 3. Same model, adding Building 3 IT capacity (estimated from tent design power, ~40 MW total / PUE).",Epoch AI,2026-04-02T19:45:38.000Z,Epoch AI,2026-06-11 20:53:36+00:00
B200 at Meta Prometheus on 2026-10-01T00:00:00.000Z,Meta Prometheus,2026-10-01,B200,314261,Estimate,Estimate,Meta #confident,Meta #confident,"Adds Buildings 19-24 (Meta tents), powered by Socrates South and North gas plants (each 200 MW). Same model.",Epoch AI,2026-04-02T19:46:44.000Z,Epoch AI,2026-05-16 10:34:43+00:00
B300 at DayOne Nusajaya on 2026-10-02T00:00:00.000Z,DayOne Nusajaya,2026-10-02,B300,217467,Estimate,Estimate,"ByteDance #likely, Oracle #likely",,"B300 based on the timing of total chip sales in the prior quarter (https://epoch.ai/data/ai-chip-sales), plus DayOne's partnership with NVIDIA (they mention using GB200 here: https://dayonedc.com/our-solutions). ByteDance likely: https://asiatimes.com/2026/03/nvidia-chip-curbs-turn-singapore-into-ai-hub-for-china/, https://english.cw.com.tw/article/article.action?id=4385. Oracle likely: https://newsletter.semianalysis.com/p/how-oracle-is-winning-the-ai-compute-market",Epoch AI,2026-05-08T22:23:32.000Z,Epoch AI,2026-06-12 18:43:03+00:00
Trainium2 at Anthropic-Amazon New Carlisle on 2026-10-19T00:00:00.000Z,Anthropic-Amazon New Carlisle,2026-10-19,Trainium2,1040000,Company disclosure,Estimate,Amazon #confident,Anthropic #confident,All 18 buildings operational. Same model.,Epoch AI,2026-06-16T18:08:09.000Z,Epoch AI,2026-06-16 18:08:09+00:00
TPU v6e at Fluidstack Lake Mariner on 2026-10-31T00:00:00.000Z,Fluidstack Lake Mariner,2026-10-31,TPU v6e,208569,Estimate,Estimate,Fluidstack #confident,Anthropic #likely,"[DCD: Google offers TPUs to AI cloud providers](https://www.datacenterdynamics.com/en/news/google-offers-its-tpus-to-ai-cloud-providers-report/), [Anthropic $50B infrastructure investment](https://www.anthropic.com/news/anthropic-invests-50-billion-in-american-ai-infrastructure)",Epoch AI,2026-03-05T20:57:19.000Z,Epoch AI,2026-06-18 05:41:52+00:00
TPU v7 at Fluidstack Lake Mariner on 2026-10-31T00:00:00.000Z,Fluidstack Lake Mariner,2026-10-31,TPU v7,43039,Estimate,Estimate,Fluidstack #confident,Anthropic #likely,"[DCD: Google offers TPUs to AI cloud providers](https://www.datacenterdynamics.com/en/news/google-offers-its-tpus-to-ai-cloud-providers-report/), [Anthropic $50B infrastructure investment](https://www.anthropic.com/news/anthropic-invests-50-billion-in-american-ai-infrastructure)",Epoch AI,2026-03-05T20:57:20.000Z,Epoch AI,2026-06-18 05:41:52+00:00
R200 at QTS Cedar Rapids on 2026-11-15T00:00:00.000Z,QTS Cedar Rapids,2026-11-15,R200,111585,Estimate,Estimate,,,VR200 NVL72 assumed based on expected availability at time of operation (late 2026). Buildings 1-3. Count from air-cooled chiller fan count model for IT capacity / (IT overhead × server power) × 72.,Epoch AI,2026-04-02T19:46:48.000Z,Epoch AI,2026-04-02 19:46:48+00:00
B200 at G42-Khazna Ajman on 2026-12-01T00:00:00.000Z,G42-Khazna Ajman,2026-12-01,B200,47847,Estimate,Estimate,G42 #confident,G42 #confident,GB200 NVL72 assumed. Count = chips per data hall × 20 data halls. Chips per data hall derived from 5 MW IT per hall / (IT overhead × 8 containment modules per hall power budget / server power × 72).,Epoch AI,2026-04-02T19:43:24.000Z,Epoch AI,2026-05-16 10:29:34+00:00
B300 at OpenAI Stargate UAE on 2026-12-01T00:00:00.000Z,OpenAI Stargate UAE,2026-12-01,B300,100000,Estimate,Estimate,MGX #estimate,OpenAI #estimate,"B300 based on https://www.g42.ai/resources/news/global-tech-alliance-launches-stargate-uae. Count = 100,000 chips/year available to G42 per US export approval. [Bloomberg](https://www.bloomberg.com/news/articles/2025-10-09/us-approves-several-billion-dollars-of-nvidia-nvda-ai-chip-sales-to-uae)",Epoch AI,2026-05-18T18:38:07.000Z,Epoch AI,2026-05-18 18:38:07+00:00
B300 at Goodnight on 2026-12-15T00:00:00.000Z,Goodnight,2026-12-15,B300,49282,Estimate,Estimate,Google #speculative,Google #speculative,GB300 NVL72 assumed from similar design to Stargate Abilene and timing. Count = 103 MW IT power (from tax abatement agreement) / (IT overhead × server power) × 72.,Epoch AI,2026-06-22T22:41:40.000Z,Epoch AI,2026-06-22 22:41:40+00:00
B200 at CoreWeave Ellendale ND on 2026-12-31T00:00:00.000Z,CoreWeave Ellendale ND,2026-12-31,B200,118900,Estimate,Estimate,CoreWeave #confident,,"Modeled date for Building 2 reaching full service. Chip count uses modeled Building 1 IT load plus the officially disclosed 150 MW for Building 2, for 217.7 MW total modeled IT load.",Epoch AI,2026-05-27T18:14:04.000Z,Epoch AI,2026-07-01 20:02:58+00:00
B300 at CoreWeave Muskogee OK on 2026-12-31T00:00:00.000Z,CoreWeave Muskogee OK,2026-12-31,B300,36000,Company disclosure,Estimate,CoreWeave #confident,,"Core Scientific says the leased 70 MW Muskogee building is designed for the Nvidia GB300 platform and targeted for Q2 2026 delivery. The exact chip count is not disclosed, so this estimates B300 GPUs from the disclosed IT load using an assumed all-in IT load per GPU. Owner is CoreWeave because Core Scientific says the site will host CoreWeave's NVIDIA GPUs. User is undisclosed because the customer was explicitly not named.",Epoch AI,2026-06-15T22:34:23.000Z,Epoch AI,2026-06-15 22:34:23+00:00
R200 at OpenAI Stargate Shackelford on 2027-01-01T00:00:00.000Z,OpenAI Stargate Shackelford,2027-01-01,R200,34880,Estimate,Estimate,Oracle #confident,OpenAI #confident,VR200 NVL72 assumed based on expected availability by 2027. Building 1 (140 MW IT). Count = IT power / (IT overhead × VR200 server power) × 72.,Epoch AI,2026-04-02T19:46:43.000Z,Epoch AI,2026-05-16 10:34:43+00:00
B300 at Meta Montgomery on 2027-01-02T00:00:00.000Z,Meta Montgomery,2027-01-02,B300,161283,Estimate,Estimate,Meta #confident,Meta #confident,"Assumed based on chip ownership data, number calculated from estimated IT power",Epoch AI,2026-06-11T20:49:35.000Z,Epoch AI,2026-06-11 20:49:35+00:00
B300 at Goodnight on 2027-02-15T00:00:00.000Z,Goodnight,2027-02-15,B300,98565,Estimate,Estimate,Google #speculative,Google #speculative,"2 buildings operational. Same model, doubled.",Epoch AI,2026-06-22T22:41:40.000Z,Epoch AI,2026-06-22 22:41:40+00:00
B300 at Meta Cheyenne on 2027-02-15T00:00:00.000Z,Meta Cheyenne,2027-02-15,B300,99382,Estimate,Estimate,Meta #confident,Meta #confident,"Assumed based on chip ownership data, number calculated from estimated IT power",Epoch AI,2026-06-30T20:43:13.000Z,Epoch AI,2026-06-30 20:43:13+00:00
B200 at Microsoft Fairwater Wisconsin on 2027-02-20T00:00:00.000Z,Microsoft Fairwater Wisconsin,2027-02-20,B200,442368,Company disclosure,Estimate,Microsoft #confident,Microsoft #confident,2 buildings operational. Same blueprint-based model.,Epoch AI,2026-04-17T22:18:05.000Z,Ben Cottier,2026-05-19 19:46:37+00:00
B200 at  on 2027-02-20T00:00:00.000Z,,2027-02-20,B200,442368,Company disclosure,Estimate,Microsoft #confident,Microsoft #confident,2 buildings operational. Same blueprint-based model.,Epoch AI,2026-05-19T20:42:25.000Z,Ben Cottier,2026-05-20 19:58:52+00:00
B300 at Meta Montgomery on 2027-02-23T00:00:00.000Z,Meta Montgomery,2027-02-23,B300,92209,Estimate,Estimate,Meta #confident,Meta #confident,"Assumed based on chip ownership data, number calculated from estimated IT power",Epoch AI,2026-06-11T20:49:34.000Z,Epoch AI,2026-06-11 20:49:34+00:00
TPU v6e at Fluidstack Lake Mariner on 2027-03-31T00:00:00.000Z,Fluidstack Lake Mariner,2027-03-31,TPU v6e,360361,Estimate,Estimate,Fluidstack #confident,Anthropic #likely,"[DCD: Google offers TPUs to AI cloud providers](https://www.datacenterdynamics.com/en/news/google-offers-its-tpus-to-ai-cloud-providers-report/), [Anthropic $50B infrastructure investment](https://www.anthropic.com/news/anthropic-invests-50-billion-in-american-ai-infrastructure)",Epoch AI,2026-03-05T20:57:20.000Z,Epoch AI,2026-06-18 05:41:53+00:00
TPU v7 at Fluidstack Lake Mariner on 2027-03-31T00:00:00.000Z,Fluidstack Lake Mariner,2027-03-31,TPU v7,83434,Estimate,Estimate,Fluidstack #confident,Anthropic #likely,"https://www.datacenterdynamics.com/en/news/google-offers-its-tpus-to-ai-cloud-providers-report/, https://www.anthropic.com/news/anthropic-invests-50-billion-in-american-ai-infrastructure",Epoch AI,2026-03-05T20:57:20.000Z,Epoch AI,2026-06-18 05:41:53+00:00
R200 at CoreWeave Chester VA on 2027-03-31T00:00:00.000Z,CoreWeave Chester VA,2027-03-31,R200,21355,Estimate,Estimate,CoreWeave #confident,,Estimated CTP-02/03 chip count using the modeled IT power for the 2027 expansion. Only use this if we model the new buildings with Vera Rubin NVL72.,Epoch AI,2026-06-12T17:01:48.000Z,Epoch AI,2026-06-12 17:01:48+00:00
B200 at CoreWeave Ellendale ND on 2027-06-01T00:00:00.000Z,CoreWeave Ellendale ND,2027-06-01,B200,200800,Estimate,Estimate,CoreWeave #confident,,"Modeled date for Building 3 reaching service around mid-2027. Chip count uses modeled Building 1 IT load plus 150 MW each for Buildings 2 and 3, for 367.7 MW total modeled IT load.",Epoch AI,2026-05-27T18:14:04.000Z,Epoch AI,2026-07-01 20:02:58+00:00
B200 at Vantage TX1 on 2027-08-31T00:00:00.000Z,Vantage TX1,2027-08-31,B200,61244,Estimate,Estimate,,,"Adds Building 2 (96 MW reported IT power, TDLR). Same model, cumulative.",Epoch AI,2026-04-02T19:46:50.000Z,Epoch AI,2026-04-02 19:46:50+00:00
R200 at Crusoe Abilene Expansion on 2027-09-17T00:00:00.000Z,Crusoe Abilene Expansion,2027-09-17,R200,83713,Estimate,Estimate,NVIDIA #speculative,Meta #speculative,"[Bloomberg](https://www.bloomberg.com/news/articles/2026-03-06/oracle-and-openai-end-plans-to-expand-flagship-data-center). R200 Expected in 2H2026, so should be shipping in high volume by the time Building 9-10 are operational. Rubin Ultra likely not ready in the required volume. Estimated from power capacity.",Epoch AI,2026-03-09T19:28:52.000Z,Epoch AI,2026-05-16 10:34:12+00:00
Trainium2 at Amazon Ridgeland on 2027-09-21T00:00:00.000Z,Amazon Ridgeland,2027-09-21,Trainium2,964593,Estimate,Estimate,Amazon #confident,Amazon #confident,"All 14 buildings. Buildings 1-4 have 26 generators each, buildings 5-14 have 28, giving different chip counts per building type.",Epoch AI,2026-04-02T19:43:20.000Z,Epoch AI,2026-05-16 10:28:22+00:00
R200 at Goodnight on 2027-10-01T00:00:00.000Z,Goodnight,2027-10-01,R200,199316,Estimate,Estimate,Google #speculative,Google #speculative,"Buildings 3-6 use VR200 NVL72 (expected next-gen by operational date). Count = 4 buildings × chips per building, where per-building power is based on labeled blueprints in regulatory documents.",Epoch AI,2026-04-02T19:45:40.000Z,Epoch AI,2026-06-18 05:41:50+00:00
R200 at OpenAI Stargate Shackelford on 2027-10-13T00:00:00.000Z,OpenAI Stargate Shackelford,2027-10-13,R200,174402,Estimate,Estimate,Oracle #confident,OpenAI #confident,5 buildings operational (700 MW IT). Same per-building model.,Epoch AI,2026-04-02T19:46:43.000Z,Epoch AI,2026-05-16 10:34:43+00:00
R200 at Crusoe Abilene Expansion on 2027-11-11T00:00:00.000Z,Crusoe Abilene Expansion,2027-11-11,R200,167426,Estimate,Estimate,NVIDIA #speculative,Meta #speculative,"[Bloomberg](https://www.bloomberg.com/news/articles/2026-03-06/oracle-and-openai-end-plans-to-expand-flagship-data-center). R200 Expected in 2H2026, so should be shipping in high volume by the time Building 9-10 are operational. Rubin Ultra likely not ready in the required volume. Estimated from power capacity.",Epoch AI,2026-03-09T19:28:53.000Z,Epoch AI,2026-05-16 10:34:12+00:00
R300 at QTS Cedar Rapids on 2027-11-15T00:00:00.000Z,QTS Cedar Rapids,2027-11-15,R300,144303,Estimate,Estimate,,,"Rubin Ultra NVL576 for buildings 4-7, assumed from expected availability (late 2027). Count from chiller-based IT capacity / (IT overhead × server power) × 144.",Epoch AI,2026-04-02T19:46:49.000Z,Epoch AI,2026-04-02 19:46:49+00:00
R200 at OpenAI Stargate UAE on 2028-01-01T00:00:00.000Z,OpenAI Stargate UAE,2028-01-01,R200,300000,Estimate,Estimate,MGX #estimate,OpenAI #estimate,VR200 NVL72 for expansion (next-gen by 2028). Count = 3 years of chip allocation at 100k chips/year.,Epoch AI,2026-04-02T19:43:21.000Z,Epoch AI,2026-05-16 10:29:29+00:00
B200 at Coreweave Helios on 2028-01-01T00:00:00.000Z,Coreweave Helios,2028-01-01,B200,189452,Estimate,Estimate,CoreWeave #confident,CoreWeave #confident,"Phase II complete (3 buildings, 600 MW). Same model.",Epoch AI,2026-04-02T19:45:37.000Z,Epoch AI,2026-05-16 10:31:51+00:00
R200 at Meta Hyperion on 2028-01-01T00:00:00.000Z,Meta Hyperion,2028-01-01,R200,309228,Estimate,Estimate,Meta #confident,Meta #confident,"VR200 NVL72 assumed based on expected availability by 2028 (1 year after release). Count = total facility power / (PUE × IT overhead × VR200 server power) × 72. 9 buildings in first phase, 2262 MW.",Epoch AI,2026-04-02T19:45:39.000Z,Epoch AI,2026-05-21 21:36:40+00:00
Trainium2 at Amazon Madison Mega Site on 2028-03-15T00:00:00.000Z,Amazon Madison Mega Site,2028-03-15,Trainium2,784000,Estimate,Estimate,Amazon #confident,Amazon #confident,All 12 buildings operational. Same model as above.,Epoch AI,2026-06-12T18:43:00.000Z,Epoch AI,2026-06-12 18:43:00+00:00
R300 at OpenAI Stargate Shackelford on 2028-12-31T00:00:00.000Z,OpenAI Stargate Shackelford,2028-12-31,R300,147368,Estimate,Estimate,Oracle #confident,OpenAI #confident,"Buildings 6-10 use Rubin Ultra NVL576, assumed from expected availability by late 2028. Count = 5 buildings × IT power per building / (IT overhead × Rubin Ultra server power) × 144 chips per server.",Epoch AI,2026-04-13T19:33:24.000Z,Epoch AI,2026-05-16 10:34:44+00:00
B200 at Coreweave Helios on 2029-01-01T00:00:00.000Z,Coreweave Helios,2029-01-01,B200,252602,Estimate,Estimate,CoreWeave #confident,CoreWeave #confident,"All phases complete (4 buildings, 800 MW). Same model. [Applied Digital corporate update](https://investor.galaxy.com/news-releases/news-release-details/applied-digital-provides-corporate-update-1)",Epoch AI,2026-04-02T19:45:37.000Z,Epoch AI,2026-05-16 10:31:51+00:00
Trainium2 at AWS New Albany on 2030-12-31T00:00:00.000Z,AWS New Albany,2030-12-31,Trainium2,1086198,Estimate,Calculations,Amazon #confident,AWS #confident,Projected full modeled buildout across all 19 buildings. Kept as Trainium2 for consistency unless later evidence supports Trainium3 or another accelerator.,Epoch AI,2026-06-25T21:22:09.000Z,Epoch AI,2026-06-25 21:22:09+00:00
Trainium2 at AWS Berwick PA on 2030-12-31T00:00:00.000Z,AWS Berwick PA,2030-12-31,Trainium2,1040853,Estimate,Estimate,Amazon #confident,,Full-buildout Trainium2-equivalent estimate from modeled IT power for 16 buildings. Actual future chip generation may differ.,Epoch AI,2026-06-30T19:32:50.000Z,Epoch AI,2026-06-30 19:32:50+00:00
